Country,ISO2,ISO3,Indicator,Source,CTS Code,CTS Name,CTS Full Descriptor,Unit,2015,2016,2017,2018,2019,2020,2021,2022,2023,2024,2025,2026,2027,2028,2029,2030
Kuwait,KW,KWT,Explicit Fossil Fuel Subsidies - Coal,"Black, Simon; Liu, Antung A.; Parry, Ian; Vernon, Nate. 2023. IMF Fossil Fuel Subsidies Data: 2023 Update. International Monetary Fund. ISBN: 9798400249006/1018-5941. IMF staff estimations.",ECGFTEC,Explicit; Coal,"Environment, Climate Change, Mitigation, Fossil Fuel Subsidies, Total Implicit and Explicit, Explicit, Coal",Percent of GDP,0.0,0.0,0.0,0.0,0.0,0.0,0.0,0.0,0.0,0.0,0.0,0.0,0.0,0.0,0.0,0.0
Kuwait,KW,KWT,Explicit Fossil Fuel Subsidies - Coal,"Black, Simon; Liu, Antung A.; Parry, Ian; Vernon, Nate. 2023. IMF Fossil Fuel Subsidies Data: 2023 Update. International Monetary Fund. ISBN: 9798400249006/1018-5941. IMF staff estimations.",ECGFTEC,Explicit; Coal,"Environment, Climate Change, Mitigation, Fossil Fuel Subsidies, Total Implicit and Explicit, Explicit, Coal",USD at constant 2021 prices,0.0,0.0,0.0,0.0,0.0,0.0,0.0,0.0,0.0,0.0,0.0,0.0,0.0,0.0,0.0,0.0
Kuwait,KW,KWT,Explicit Fossil Fuel Subsidies - Electricity,"Black, Simon; Liu, Antung A.; Parry, Ian; Vernon, Nate. 2023. IMF Fossil Fuel Subsidies Data: 2023 Update. International Monetary Fund. ISBN: 9798400249006/1018-5941. IMF staff estimations.",ECGFTET,Explicit; Electricity,"Environment, Climate Change, Mitigation, Fossil Fuel Subsidies, Total Implicit and Explicit, Explicit, Electricity",Percent of GDP,4.95148289762297,3.71220773703062,3.36153220119502,3.92574346260409,3.88912434646395,4.06412488598234,4.08109540931356,3.14762741010063,3.03746499545413,2.79124109443093,2.6183069263961,2.60861038703114,2.74078319188586,2.78814137893154,2.85852249495894,2.94081452487297
Kuwait,KW,KWT,Explicit Fossil Fuel Subsidies - Electricity,"Black, Simon; Liu, Antung A.; Parry, Ian; Vernon, Nate. 2023. IMF Fossil Fuel Subsidies Data: 2023 Update. International Monetary Fund. ISBN: 9798400249006/1018-5941. IMF staff estimations.",ECGFTET,Explicit; Electricity,"Environment, Climate Change, Mitigation, Fossil Fuel Subsidies, Total Implicit and Explicit, Explicit, Electricity",USD at constant 2021 prices,6416179989.0,4545473822.0,4456929078.0,5821320653.0,5735175000.0,5462549618.0,5557105186.0,4657575755.0,4610446618.0,4348949012.0,4186934606.0,4281955692.0,4618110047.0,4822369329.0,5075078008.0,5359516839.0
Kuwait,KW,KWT,Explicit Fossil Fuel Subsidies - Natural Gas,"Black, Simon; Liu, Antung A.; Parry, Ian; Vernon, Nate. 2023. IMF Fossil Fuel Subsidies Data: 2023 Update. International Monetary Fund. ISBN: 9798400249006/1018-5941. IMF staff estimations.",ECGFTEN,Explicit; Natural Gas,"Environment, Climate Change, Mitigation, Fossil Fuel Subsidies, Total Implicit and Explicit, Explicit, Natural Gas",Percent of GDP,0.0,0.0,0.0,0.0,0.0,0.0,0.0,0.0,0.0,0.0,0.0,0.0,0.0,0.0,0.0,0.0
Kuwait,KW,KWT,Explicit Fossil Fuel Subsidies - Natural Gas,"Black, Simon; Liu, Antung A.; Parry, Ian; Vernon, Nate. 2023. IMF Fossil Fuel Subsidies Data: 2023 Update. International Monetary Fund. ISBN: 9798400249006/1018-5941. IMF staff estimations.",ECGFTEN,Explicit; Natural Gas,"Environment, Climate Change, Mitigation, Fossil Fuel Subsidies, Total Implicit and Explicit, Explicit, Natural Gas",USD at constant 2021 prices,0.0,0.0,0.0,0.0,0.0,0.0,0.0,0.0,0.0,0.0,0.0,0.0,0.0,0.0,0.0,0.0
Kuwait,KW,KWT,Explicit Fossil Fuel Subsidies - Petroleum,"Black, Simon; Liu, Antung A.; Parry, Ian; Vernon, Nate. 2023. IMF Fossil Fuel Subsidies Data: 2023 Update. International Monetary Fund. ISBN: 9798400249006/1018-5941. IMF staff estimations.",ECGFTEP,Explicit; Petroleum,"Environment, Climate Change, Mitigation, Fossil Fuel Subsidies, Total Implicit and Explicit, Explicit, Petroleum",Percent of GDP,1.34227920959865,1.00655440090915,1.07747940035448,1.5792198075136,1.50965994832742,0.249538142163099,1.76856404782363,5.14057788012516,2.08991226924749,1.30949941209317,1.20836322994184,1.1229541575539,1.04696582411452,1.01827987858464,0.99563246668394,0.973803113374231
Kuwait,KW,KWT,Explicit Fossil Fuel Subsidies - Petroleum,"Black, Simon; Liu, Antung A.; Parry, Ian; Vernon, Nate. 2023. IMF Fossil Fuel Subsidies Data: 2023 Update. International Monetary Fund. ISBN: 9798400249006/1018-5941. IMF staff estimations.",ECGFTEP,Explicit; Petroleum,"Environment, Climate Change, Mitigation, Fossil Fuel Subsidies, Total Implicit and Explicit, Explicit, Petroleum",USD at constant 2021 prices,1739338534.0,1232492092.0,1428589400.0,2341758948.0,2226250236.0,335401721.5,2408200607.0,7606564495.0,3172194237.0,2040291749.0,1932293641.0,1843295561.0,1764095535.0,1761216878.0,1767665794.0,1774717222.0
Kuwait,KW,KWT,Explicit Fossil Fuel Subsidies - Total,"Black, Simon; Liu, Antung A.; Parry, Ian; Vernon, Nate. 2023. IMF Fossil Fuel Subsidies Data: 2023 Update. International Monetary Fund. ISBN: 9798400249006/1018-5941. IMF staff estimations.",ECGFTE,Explicit,"Environment, Climate Change, Mitigation, Fossil Fuel Subsidies, Total Implicit and Explicit, Explicit",Percent of GDP,6.29376210799334,4.71876213793977,4.43901160154949,5.50496327011769,5.39878429479138,4.31366302851744,5.84965945713719,8.28820529022579,5.12737726470162,4.1007405065241,3.82667015633794,3.73156454458504,3.78774901540689,3.80642125751619,3.85415496164288,3.91461763879591
Kuwait,KW,KWT,Explicit Fossil Fuel Subsidies - Total,"Black, Simon; Liu, Antung A.; Parry, Ian; Vernon, Nate. 2023. IMF Fossil Fuel Subsidies Data: 2023 Update. International Monetary Fund. ISBN: 9798400249006/1018-5941. IMF staff estimations.",ECGFTE,Explicit,"Environment, Climate Change, Mitigation, Fossil Fuel Subsidies, Total Implicit and Explicit, Explicit",USD at constant 2021 prices,8155518524.0,5777965914.0,5885518478.0,8163079601.0,7961425236.0,5797951340.0,7965305793.0,12264140250.0,7782640855.0,6389240761.0,6119228247.0,6125251253.0,6382205581.0,6583586207.0,6842743802.0,7134234062.0
Kuwait,KW,KWT,Fossil Fuel Subsidies - Total Implicit and Explicit,"Black, Simon; Liu, Antung A.; Parry, Ian; Vernon, Nate. 2023. IMF Fossil Fuel Subsidies Data: 2023 Update. International Monetary Fund. ISBN: 9798400249006/1018-5941. IMF staff estimations.",ECGFT,Total Implicit and Explicit,"Environment, Climate Change, Mitigation, Fossil Fuel Subsidies, Total Implicit and Explicit",Percent of GDP,17.2251622717913,16.2799270429662,14.6147014663991,15.0646162585285,16.035178168675,14.2334095707877,16.6809610111114,19.7012024788641,16.0522194405281,14.7051846643604,14.4059332186855,14.3544702248594,14.4997945233121,14.5228572675763,14.5584702380282,14.6093558377139
Kuwait,KW,KWT,Fossil Fuel Subsidies - Total Implicit and Explicit,"Black, Simon; Liu, Antung A.; Parry, Ian; Vernon, Nate. 2023. IMF Fossil Fuel Subsidies Data: 2023 Update. International Monetary Fund. ISBN: 9798400249006/1018-5941. IMF staff estimations.",ECGFT,Total Implicit and Explicit,"Environment, Climate Change, Mitigation, Fossil Fuel Subsidies, Total Implicit and Explicit",USD at constant 2021 prices,22320533820.0,19934224440.0,19377082840.0,22338688860.0,23646596190.0,19130983470.0,22713964180.0,29152066320.0,24365021800.0,22911707070.0,23036527810.0,23562432240.0,24431573780.0,25118733930.0,25847399230.0,26624966640.0
Kuwait,KW,KWT,Fossil Fuel Subsidies - Total Implicit and Explicit -  Natural Gas,"Black, Simon; Liu, Antung A.; Parry, Ian; Vernon, Nate. 2023. IMF Fossil Fuel Subsidies Data: 2023 Update. International Monetary Fund. ISBN: 9798400249006/1018-5941. IMF staff estimations.",ECGFTN,Total Implicit and Explicit; Natural Gas,"Environment, Climate Change, Mitigation, Fossil Fuel Subsidies, Total Implicit and Explicit, Natural Gas",Percent of GDP,1.81272402260799,2.0944067680979,2.04693269228581,1.94484872305799,2.23970208656852,2.33839475704752,2.42282670030184,2.0320974130066,2.40124518071495,2.39580297034151,2.58268954787068,2.75185929136688,2.91363249275947,3.01303467564755,3.0923945336878,3.16879708361226
Kuwait,KW,KWT,Fossil Fuel Subsidies - Total Implicit and Explicit -  Natural Gas,"Black, Simon; Liu, Antung A.; Parry, Ian; Vernon, Nate. 2023. IMF Fossil Fuel Subsidies Data: 2023 Update. International Monetary Fund. ISBN: 9798400249006/1018-5941. IMF staff estimations.",ECGFTN,Total Implicit and Explicit; Natural Gas,"Environment, Climate Change, Mitigation, Fossil Fuel Subsidies, Total Implicit and Explicit, Natural Gas",USD at constant 2021 prices,2348945526.0,2564530816.0,2713951047.0,2883934762.0,3302821476.0,3143013009.0,3299090433.0,3006914863.0,3644754010.0,3732828734.0,4129978856.0,4517094471.0,4909354205.0,5211344775.0,5490299103.0,5775005933.0
Kuwait,KW,KWT,Fossil Fuel Subsidies - Total Implicit and Explicit - Coal,"Black, Simon; Liu, Antung A.; Parry, Ian; Vernon, Nate. 2023. IMF Fossil Fuel Subsidies Data: 2023 Update. International Monetary Fund. ISBN: 9798400249006/1018-5941. IMF staff estimations.",ECGFTC,Total Implicit and Explicit; Coal,"Environment, Climate Change, Mitigation, Fossil Fuel Subsidies, Total Implicit and Explicit, Coal",Percent of GDP,0.0,0.0,0.0,0.0,2.62534668773353e-07,2.87874323892001e-07,2.85143977615722e-07,2.64345040582276e-07,2.62760728920981e-07,2.60777757096921e-07,2.5830529672941e-07,2.5562087640956e-07,2.538273905612e-07,2.51953630897317e-07,2.50008448705095e-07,2.47956608101138e-07
Kuwait,KW,KWT,Fossil Fuel Subsidies - Total Implicit and Explicit - Coal,"Black, Simon; Liu, Antung A.; Parry, Ian; Vernon, Nate. 2023. IMF Fossil Fuel Subsidies Data: 2023 Update. International Monetary Fund. ISBN: 9798400249006/1018-5941. IMF staff estimations.",ECGFTC,Total Implicit and Explicit; Coal,"Environment, Climate Change, Mitigation, Fossil Fuel Subsidies, Total Implicit and Explicit, Coal",USD at constant 2021 prices,0.0,0.0,0.0,0.0,387.152,386.929,388.272,391.154,398.834,406.31,413.056,419.594,427.689,435.779,443.87,451.891
Kuwait,KW,KWT,Fossil Fuel Subsidies - Total Implicit and Explicit - Electricity,"Black, Simon; Liu, Antung A.; Parry, Ian; Vernon, Nate. 2023. IMF Fossil Fuel Subsidies Data: 2023 Update. International Monetary Fund. ISBN: 9798400249006/1018-5941. IMF staff estimations.",ECGFTT,Total Implicit and Explicit; Electricity,"Environment, Climate Change, Mitigation, Fossil Fuel Subsidies, Total Implicit and Explicit, Electricity",Percent of GDP,4.95148289762297,3.71220773703062,3.36153220119502,3.92574346260409,3.88912434646395,4.06412488598234,4.08109540931356,3.14762741010063,3.03746499545413,2.79124109443093,2.6183069263961,2.60861038703114,2.74078319188586,2.78814137893154,2.85852249495894,2.94081452487297
Kuwait,KW,KWT,Fossil Fuel Subsidies - Total Implicit and Explicit - Electricity,"Black, Simon; Liu, Antung A.; Parry, Ian; Vernon, Nate. 2023. IMF Fossil Fuel Subsidies Data: 2023 Update. International Monetary Fund. ISBN: 9798400249006/1018-5941. IMF staff estimations.",ECGFTT,Total Implicit and Explicit; Electricity,"Environment, Climate Change, Mitigation, Fossil Fuel Subsidies, Total Implicit and Explicit, Electricity",USD at constant 2021 prices,6416179989.0,4545473822.0,4456929078.0,5821320653.0,5735175000.0,5462549618.0,5557105186.0,4657575755.0,4610446618.0,4348949012.0,4186934606.0,4281955692.0,4618110047.0,4822369329.0,5075078008.0,5359516839.0
Kuwait,KW,KWT,Fossil Fuel Subsidies - Total Implicit and Explicit - Petroleum,"Black, Simon; Liu, Antung A.; Parry, Ian; Vernon, Nate. 2023. IMF Fossil Fuel Subsidies Data: 2023 Update. International Monetary Fund. ISBN: 9798400249006/1018-5941. IMF staff estimations.",ECGFTP,Total Implicit and Explicit; Petroleum,"Environment, Climate Change, Mitigation, Fossil Fuel Subsidies, Total Implicit and Explicit, Petroleum",Percent of GDP,10.4293705730892,10.4368197355457,9.17057096705704,9.16013715974197,9.90635146846413,7.83088963536668,10.1770386143486,14.5214773908401,10.6135089995125,9.5181403338746,9.20493648927522,8.99400029242082,8.84537858465483,8.72168096091582,8.60755295648354,8.49974397791996
Kuwait,KW,KWT,Fossil Fuel Subsidies - Total Implicit and Explicit - Petroleum,"Black, Simon; Liu, Antung A.; Parry, Ian; Vernon, Nate. 2023. IMF Fossil Fuel Subsidies Data: 2023 Update. International Monetary Fund. ISBN: 9798400249006/1018-5941. IMF staff estimations.",ECGFTP,Total Implicit and Explicit; Petroleum,"Environment, Climate Change, Mitigation, Fossil Fuel Subsidies, Total Implicit and Explicit, Petroleum",USD at constant 2021 prices,13514480440.0,12779535590.0,12158915030.0,13583183960.0,14608599320.0,10525420450.0,13857768170.0,21487575310.0,16109820770.0,14829928910.0,14719613940.0,14763381660.0,14904109100.0,15085019390.0,15282021670.0,15490443410.0
Kuwait,KW,KWT,Implicit Fossil Fuel Subsidies - Accidents,"Black, Simon; Liu, Antung A.; Parry, Ian; Vernon, Nate. 2023. IMF Fossil Fuel Subsidies Data: 2023 Update. International Monetary Fund. ISBN: 9798400249006/1018-5941. IMF staff estimations.",ECGFTIA,Implicit; Accidents,"Environment, Climate Change, Mitigation, Fossil Fuel Subsidies, Total Implicit and Explicit, Implicit, Accidents",Percent of GDP,0.598106881095978,0.491160340230082,0.460662364084367,0.468793373134942,0.526430973777184,0.5277484460118,0.531882959968274,0.524587820180981,0.501415539707219,0.486836174433755,0.476355226064661,0.466112869440197,0.462285481198367,0.458510550589732,0.454051153135596,0.449656809696783
Kuwait,KW,KWT,Implicit Fossil Fuel Subsidies - Accidents,"Black, Simon; Liu, Antung A.; Parry, Ian; Vernon, Nate. 2023. IMF Fossil Fuel Subsidies Data: 2023 Update. International Monetary Fund. ISBN: 9798400249006/1018-5941. IMF staff estimations.",ECGFTIA,Implicit; Accidents,"Environment, Climate Change, Mitigation, Fossil Fuel Subsidies, Total Implicit and Explicit, Implicit, Accidents",USD at constant 2021 prices,775032749.0,601409357.2,610774897.5,695154069.8,776311964.1,709341408.8,724249070.1,776237843.4,761078591.1,758524838.3,761739642.0,765110291.8,778932544.4,793039848.3,806131498.3,819481549.4
Kuwait,KW,KWT,Implicit Fossil Fuel Subsidies - Coal,"Black, Simon; Liu, Antung A.; Parry, Ian; Vernon, Nate. 2023. IMF Fossil Fuel Subsidies Data: 2023 Update. International Monetary Fund. ISBN: 9798400249006/1018-5941. IMF staff estimations.",ECGFTIC,Implicit; Coal,"Environment, Climate Change, Mitigation, Fossil Fuel Subsidies, Total Implicit and Explicit, Implicit, Coal",Percent of GDP,0.0,0.0,0.0,0.0,2.62534668773353e-07,2.87874323892001e-07,2.85143977615722e-07,2.64345040582276e-07,2.62760728920981e-07,2.60777757096921e-07,2.5830529672941e-07,2.5562087640956e-07,2.538273905612e-07,2.51953630897317e-07,2.50008448705095e-07,2.47956608101138e-07
Kuwait,KW,KWT,Implicit Fossil Fuel Subsidies - Coal,"Black, Simon; Liu, Antung A.; Parry, Ian; Vernon, Nate. 2023. IMF Fossil Fuel Subsidies Data: 2023 Update. International Monetary Fund. ISBN: 9798400249006/1018-5941. IMF staff estimations.",ECGFTIC,Implicit; Coal,"Environment, Climate Change, Mitigation, Fossil Fuel Subsidies, Total Implicit and Explicit, Implicit, Coal",USD at constant 2021 prices,0.0,0.0,0.0,0.0,387.152,386.929,388.272,391.154,398.834,406.31,413.056,419.594,427.689,435.779,443.87,451.891
Kuwait,KW,KWT,Implicit Fossil Fuel Subsidies - Congestion,"Black, Simon; Liu, Antung A.; Parry, Ian; Vernon, Nate. 2023. IMF Fossil Fuel Subsidies Data: 2023 Update. International Monetary Fund. ISBN: 9798400249006/1018-5941. IMF staff estimations.",ECGFTIG,Implicit; Congestion,"Environment, Climate Change, Mitigation, Fossil Fuel Subsidies, Total Implicit and Explicit, Implicit, Congestion",Percent of GDP,2.78445695175855,2.28657262971406,2.14459081287847,2.18244432256855,2.45077331674205,2.01625844102702,2.29121613974017,2.46914701056288,2.14118502167525,2.04606249141566,1.96937038521668,1.8966795945098,1.826871338192,1.7595034192877,1.69184800554235,1.62738268549104
Kuwait,KW,KWT,Implicit Fossil Fuel Subsidies - Congestion,"Black, Simon; Liu, Antung A.; Parry, Ian; Vernon, Nate. 2023. IMF Fossil Fuel Subsidies Data: 2023 Update. International Monetary Fund. ISBN: 9798400249006/1018-5941. IMF staff estimations.",ECGFTIG,Implicit; Congestion,"Environment, Climate Change, Mitigation, Fossil Fuel Subsidies, Total Implicit and Explicit, Implicit, Congestion",USD at constant 2021 prices,3608126564.0,2799831466.0,2843432275.0,3236255331.0,3614081887.0,2710032808.0,3119880281.0,3653621523.0,3250019097.0,3187908586.0,3149220183.0,3113342654.0,3078205130.0,3043237114.0,3003740786.0,2965839849.0
Kuwait,KW,KWT,Implicit Fossil Fuel Subsidies - Electricity,"Black, Simon; Liu, Antung A.; Parry, Ian; Vernon, Nate. 2023. IMF Fossil Fuel Subsidies Data: 2023 Update. International Monetary Fund. ISBN: 9798400249006/1018-5941. IMF staff estimations.",ECGFTIT,Implicit; Electricity,"Environment, Climate Change, Mitigation, Fossil Fuel Subsidies, Total Implicit and Explicit, Implicit, Electricity",Percent of GDP,0.0,0.0,0.0,0.0,0.0,0.0,0.0,0.0,0.0,0.0,0.0,0.0,0.0,0.0,0.0,0.0
Kuwait,KW,KWT,Implicit Fossil Fuel Subsidies - Electricity,"Black, Simon; Liu, Antung A.; Parry, Ian; Vernon, Nate. 2023. IMF Fossil Fuel Subsidies Data: 2023 Update. International Monetary Fund. ISBN: 9798400249006/1018-5941. IMF staff estimations.",ECGFTIT,Implicit; Electricity,"Environment, Climate Change, Mitigation, Fossil Fuel Subsidies, Total Implicit and Explicit, Implicit, Electricity",USD at constant 2021 prices,0.0,0.0,0.0,0.0,0.0,0.0,0.0,0.0,0.0,0.0,0.0,0.0,0.0,0.0,0.0,0.0
Kuwait,KW,KWT,Implicit Fossil Fuel Subsidies - Foregone VAT,"Black, Simon; Liu, Antung A.; Parry, Ian; Vernon, Nate. 2023. IMF Fossil Fuel Subsidies Data: 2023 Update. International Monetary Fund. ISBN: 9798400249006/1018-5941. IMF staff estimations.",ECGFTIF,Implicit; Foregone Vat,"Environment, Climate Change, Mitigation, Fossil Fuel Subsidies, Total Implicit and Explicit, Implicit, Foregone Vat",Percent of GDP,0.0,0.0,0.0,0.0,0.0,0.0,0.0,0.0,0.0,0.0,0.0,0.0,0.0,0.0,0.0,0.0
Kuwait,KW,KWT,Implicit Fossil Fuel Subsidies - Foregone VAT,"Black, Simon; Liu, Antung A.; Parry, Ian; Vernon, Nate. 2023. IMF Fossil Fuel Subsidies Data: 2023 Update. International Monetary Fund. ISBN: 9798400249006/1018-5941. IMF staff estimations.",ECGFTIF,Implicit; Foregone Vat,"Environment, Climate Change, Mitigation, Fossil Fuel Subsidies, Total Implicit and Explicit, Implicit, Foregone Vat",USD at constant 2021 prices,0.0,0.0,0.0,0.0,0.0,0.0,0.0,0.0,0.0,0.0,0.0,0.0,0.0,0.0,0.0,0.0
Kuwait,KW,KWT,Implicit Fossil Fuel Subsidies - Global Warming,"Black, Simon; Liu, Antung A.; Parry, Ian; Vernon, Nate. 2023. IMF Fossil Fuel Subsidies Data: 2023 Update. International Monetary Fund. ISBN: 9798400249006/1018-5941. IMF staff estimations.",ECGFTIW,Implicit; Global Warming,"Environment, Climate Change, Mitigation, Fossil Fuel Subsidies, Total Implicit and Explicit, Implicit, Global Warming",Percent of GDP,3.67050219257296,4.1777030806809,3.79133909477293,3.53831397011563,3.96932465161697,4.04894972286082,4.37122851718845,4.39857916753959,4.46323362233671,4.38275360349663,4.5385164117316,4.70217996308187,4.86079315414016,4.95099982481499,5.02099757465839,5.08856096869067
Kuwait,KW,KWT,Implicit Fossil Fuel Subsidies - Global Warming,"Black, Simon; Liu, Antung A.; Parry, Ian; Vernon, Nate. 2023. IMF Fossil Fuel Subsidies Data: 2023 Update. International Monetary Fund. ISBN: 9798400249006/1018-5941. IMF staff estimations.",ECGFTIW,Implicit; Global Warming,"Environment, Climate Change, Mitigation, Fossil Fuel Subsidies, Total Implicit and Explicit, Implicit, Global Warming",USD at constant 2021 prices,4756272657.0,5115457252.0,5026793868.0,5246817676.0,5853443984.0,5442152833.0,5952170735.0,6508621580.0,6774563786.0,6828636907.0,7257541594.0,7718487344.0,8190242033.0,8563249297.0,8914379514.0,9273698823.0
Kuwait,KW,KWT,Implicit Fossil Fuel Subsidies - Local Air Pollution,"Black, Simon; Liu, Antung A.; Parry, Ian; Vernon, Nate. 2023. IMF Fossil Fuel Subsidies Data: 2023 Update. International Monetary Fund. ISBN: 9798400249006/1018-5941. IMF staff estimations.",ECGFTIL,Implicit; Local Air Pollution,"Environment, Climate Change, Mitigation, Fossil Fuel Subsidies, Total Implicit and Explicit, Implicit, Local Air Pollution",Percent of GDP,3.65049891871283,4.41299278867623,3.60280767465898,3.1918157523876,3.48964894722209,3.11036102790736,3.41265753376369,3.80031933960033,3.60629052877077,3.47842780234521,3.38386396347946,3.34602593224366,3.34943081497484,3.3339937737049,3.32379956010409,3.31531675921557
Kuwait,KW,KWT,Implicit Fossil Fuel Subsidies - Local Air Pollution,"Black, Simon; Liu, Antung A.; Parry, Ian; Vernon, Nate. 2023. IMF Fossil Fuel Subsidies Data: 2023 Update. International Monetary Fund. ISBN: 9798400249006/1018-5941. IMF staff estimations.",ECGFTIL,Implicit; Local Air Pollution,"Environment, Climate Change, Mitigation, Fossil Fuel Subsidies, Total Implicit and Explicit, Implicit, Local Air Pollution",USD at constant 2021 prices,4730352219.0,5403561605.0,4776827151.0,4733009973.0,5146080613.0,4180605154.0,4646913384.0,5623370530.0,5473844142.0,5419634006.0,5411136864.0,5492401187.0,5643656946.0,5766475631.0,5901140215.0,6042032181.0
Kuwait,KW,KWT,Implicit Fossil Fuel Subsidies - Natural Gas,"Black, Simon; Liu, Antung A.; Parry, Ian; Vernon, Nate. 2023. IMF Fossil Fuel Subsidies Data: 2023 Update. International Monetary Fund. ISBN: 9798400249006/1018-5941. IMF staff estimations.",ECGFTIN,Implicit; Natural Gas,"Environment, Climate Change, Mitigation, Fossil Fuel Subsidies, Total Implicit and Explicit, Implicit, Natural Gas",Percent of GDP,1.84430879876401,2.13089956467309,2.08259830418086,1.97873563146186,2.23970208656852,2.33839475704752,2.42282670030184,2.0320974130066,2.40124518071495,2.39580297034151,2.58268954787068,2.75185929136688,2.91363249275947,3.01303467564755,3.0923945336878,3.16879708361226
Kuwait,KW,KWT,Implicit Fossil Fuel Subsidies - Natural Gas,"Black, Simon; Liu, Antung A.; Parry, Ian; Vernon, Nate. 2023. IMF Fossil Fuel Subsidies Data: 2023 Update. International Monetary Fund. ISBN: 9798400249006/1018-5941. IMF staff estimations.",ECGFTIN,Implicit; Natural Gas,"Environment, Climate Change, Mitigation, Fossil Fuel Subsidies, Total Implicit and Explicit, Implicit, Natural Gas",USD at constant 2021 prices,2389873388.0,2609215021.0,2761238740.0,2934184240.0,3302821476.0,3143013009.0,3299090433.0,3006914863.0,3644754010.0,3732828734.0,4129978856.0,4517094471.0,4909354205.0,5211344775.0,5490299103.0,5775005933.0
Kuwait,KW,KWT,Implicit Fossil Fuel Subsidies - Petroleum,"Black, Simon; Liu, Antung A.; Parry, Ian; Vernon, Nate. 2023. IMF Fossil Fuel Subsidies Data: 2023 Update. International Monetary Fund. ISBN: 9798400249006/1018-5941. IMF staff estimations.",ECGFTIP,Implicit; Petroleum,"Environment, Climate Change, Mitigation, Fossil Fuel Subsidies, Total Implicit and Explicit, Implicit, Petroleum",Percent of GDP,9.08709136657739,9.43026533626996,8.09309156670256,7.58091735087962,8.39669152420542,7.58135149431958,8.40847457166567,9.38089951409398,8.52359673487673,8.20864092113962,7.99657325995873,7.87104613547613,7.79841275757288,7.70340108117484,7.61192049205258,7.52594086564314
Kuwait,KW,KWT,Implicit Fossil Fuel Subsidies - Petroleum,"Black, Simon; Liu, Antung A.; Parry, Ian; Vernon, Nate. 2023. IMF Fossil Fuel Subsidies Data: 2023 Update. International Monetary Fund. ISBN: 9798400249006/1018-5941. IMF staff estimations.",ECGFTIP,Implicit; Petroleum,"Environment, Climate Change, Mitigation, Fossil Fuel Subsidies, Total Implicit and Explicit, Implicit, Petroleum",USD at constant 2021 prices,11775141910.0,11547043500.0,10730325630.0,11241425010.0,12382349090.0,10190018730.0,11449567570.0,13881010820.0,12937626540.0,12789637160.0,12787320300.0,12920086100.0,13140013560.0,13323802510.0,13514355880.0,13715726190.0
Kuwait,KW,KWT,Implicit Fossil Fuel Subsidies - Road damage,"Black, Simon; Liu, Antung A.; Parry, Ian; Vernon, Nate. 2023. IMF Fossil Fuel Subsidies Data: 2023 Update. International Monetary Fund. ISBN: 9798400249006/1018-5941. IMF staff estimations.",ECGFTIR,Implicit; Road Damage,"Environment, Climate Change, Mitigation, Fossil Fuel Subsidies, Total Implicit and Explicit, Implicit, Road Damage",Percent of GDP,0.227835220892394,0.192736062866788,0.176289920566703,0.178285567169436,0.200215983033492,0.216428900371255,0.2243164031667,0.220363852714383,0.212717464720066,0.210364082871758,0.211157077356013,0.211907320877019,0.212664717560061,0.213428442876966,0.213618981762062,0.213820973080342
Kuwait,KW,KWT,Implicit Fossil Fuel Subsidies - Road damage,"Black, Simon; Liu, Antung A.; Parry, Ian; Vernon, Nate. 2023. IMF Fossil Fuel Subsidies Data: 2023 Update. International Monetary Fund. ISBN: 9798400249006/1018-5941. IMF staff estimations.",ECGFTIR,Implicit; Road Damage,"Environment, Climate Change, Mitigation, Fossil Fuel Subsidies, Total Implicit and Explicit, Implicit, Road Damage",USD at constant 2021 prices,295231108.6,235998842.3,233736173.3,264372204.7,295252503.7,290899920.7,305444916.7,326074596.5,322875331.0,327761966.6,337661282.4,347839510.0,358331542.5,369145834.8,379263412.6,389680170.6
Kuwait,KW,KWT,Implicit Fossil Fuel Subsidies - Total,"Black, Simon; Liu, Antung A.; Parry, Ian; Vernon, Nate. 2023. IMF Fossil Fuel Subsidies Data: 2023 Update. International Monetary Fund. ISBN: 9798400249006/1018-5941. IMF staff estimations.",ECGFTI,Implicit,"Environment, Climate Change, Mitigation, Fossil Fuel Subsidies, Total Implicit and Explicit, Implicit",Percent of GDP,10.9314001668848,11.5611649001264,10.1756898633412,9.55965298234148,10.6363938711712,9.91974654227024,10.8313015561773,11.4129971886383,10.9248421791206,10.6044441520599,10.579263066725,10.622905682102,10.7120455084987,10.7164360083256,10.7043152775118,10.6947381945283
Kuwait,KW,KWT,Implicit Fossil Fuel Subsidies - Total,"Black, Simon; Liu, Antung A.; Parry, Ian; Vernon, Nate. 2023. IMF Fossil Fuel Subsidies Data: 2023 Update. International Monetary Fund. ISBN: 9798400249006/1018-5941. IMF staff estimations.",ECGFTI,Implicit,"Environment, Climate Change, Mitigation, Fossil Fuel Subsidies, Total Implicit and Explicit, Implicit",USD at constant 2021 prices,14165015300.0,14156258520.0,13491564360.0,14175609250.0,15685170950.0,13333032130.0,14748658390.0,16887926070.0,16582380950.0,16522466300.0,16917299570.0,17437180990.0,18049368200.0,18535147720.0,19004655430.0,19490732570.0
